24946,Game Room,Pool Tables & Accessories,,"
            
                Hathaway Renegade Slate Indoor Bumper Pool Table
            
                
            
        ",0,0,$674.21 ,https://mobileimages.lowes.com/product/converted/672875/672875902996.jpg,"<ul class=""pd-short-desc-listing list disc"">
                <li class=""v-spacing-small"">
                    <p class=""ellipsis-two-line"">Playing surface: 45.5-in L x 30-in W; table dimensions: 54-in L x 39-in W x 31.5-in H</p>
                </li>
                <li class=""v-spacing-small"">
                    <p class=""ellipsis-two-line"">3/4-in genuine slate play bed with high grade green wool cloth</p>
                </li>
                <li class=""v-spacing-small"">
                    <p class=""ellipsis-two-line"">High quality chrome plated steel posts and rubber bumpers</p>
                </li>
    </ul><ul class=""list disc"">

                                        <li>Playing surface: 45.5-in L x 30-in W; table dimensions: 54-in L x 39-in W x 31.5-in H</li>


                                        <li>3/4-in genuine slate play bed with high grade green wool cloth</li>


                                        <li>High quality chrome plated steel posts and rubber bumpers</li>


                                        <li>Internal carpeted ball return system ensures quieter game table play</li>


                                        <li>High quality fast action rubber bumpers</li>


                                        <li>Features 2-in thick durable laminate top rails with chrome corner caps</li>


                                        <li>Includes (2) 48-in cues, 10 bumper pool balls, table brush and chalk</li>

                                </ul>",bedbathandbeyond ,0
24947,Game Room,Ping Pong Tables & Accessories,,"
            
                Hathaway Crossover 60-in Indoor Freestanding Ping Pong Table
            
                
            
        ",0,0,$157.26 ,https://mobileimages.lowes.com/product/converted/672875/672875903702.jpg,"<ul class=""pd-short-desc-listing list disc"">
                <li class=""v-spacing-small"">
                    <p class=""ellipsis-two-line"">Dimensions: 60-in L x 28-in W x 29-in H</p>
                </li>
                <li class=""v-spacing-small"">
                    <p class=""ellipsis-two-line"">1/2-in MDF table top with deep blue-purple finish</p>
                </li>
                <li class=""v-spacing-small"">
                    <p class=""ellipsis-two-line"">1-in diameter steel frame with black powder coated finish</p>
                </li>
    </ul><ul class=""list disc"">

                                        <li>Dimensions: 60-in L x 28-in W x 29-in H</li>


                                        <li>1/2-in MDF table top with deep blue-purple finish</li>


                                        <li>1-in diameter steel frame with black powder coated finish</li>


                                        <li>Easy fold design with convenient suitcase style carrying handles</li>


                                        <li>Includes net, posts, 2 paddles and 3 Table Tennis balls</li>

                                </ul>",bedbathandbeyond ,0
24948,Game Room,Pool Tables & Accessories,,"
            
                RAM Gameroom Products 24-in Bronze Pool Cue Rack
            
                
            
        ",0,0,$78.00 ,https://mobileimages.lowes.com/product/converted/473261/4732617.jpg,"<ul class=""pd-short-desc-listing list disc"">
                <li class=""v-spacing-small"">
                    <p class=""ellipsis-two-line"">Transitional style</p>
                </li>
                <li class=""v-spacing-small"">
                    <p class=""ellipsis-two-line"">Floor rack type</p>
                </li>
                <li class=""v-spacing-small"">
                    <p class=""ellipsis-two-line"">Manufacturer Color/Finish: Oil rubbed bronze</p>
                </li>
    </ul><ul class=""list disc"">

                                        <li>Transitional style</li>


                                        <li>Floor rack type</li>


                                        <li>Manufacturer Color/Finish: Oil rubbed bronze</li>

                                </ul>",bedbathandbeyond ,0
24949,Game Room,Multi-Game Tables,,"
            
                FatCat Freestanding Metal Game Table
            
                
            
        ",0,0,$279.99 ,https://mobileimages.lowes.com/product/converted/473205/4732057.jpg,"<ul class=""pd-short-desc-listing list disc"">
                <li class=""v-spacing-small"">
                    <p class=""ellipsis-two-line"">Nylon green cloth playfield</p>
                </li>
                <li class=""v-spacing-small"">
                    <p class=""ellipsis-two-line"">Collapsible black legs for easy folding and storage</p>
                </li>
                <li class=""v-spacing-small"">
                    <p class=""ellipsis-two-line"">10-corked lined drink holders</p>
                </li>
    </ul><ul class=""list disc"">

                                        <li>Nylon green cloth playfield</li>


                                        <li>Collapsible black legs for easy folding and storage</li>


                                        <li>10-corked lined drink holders</li>


                                        <li>Cushioned black rail</li>


                                        <li>Poker table features drink holders and folding</li>

                                </ul>",bedbathandbeyond ,0
24950,Game Room,Multi-Game Tables,,"
            
                Stakmore Freestanding Wood
            
                
            
        ",0,0,$90.00 ,https://mobileimages.lowes.com/product/converted/503590/50359044.jpg,"<ul class=""pd-short-desc-listing list disc"">
                <li class=""v-spacing-small"">
                    <p class=""ellipsis-two-line"">This solid wood folding card table comes with a classic straight edge</p>
                </li>
                <li class=""v-spacing-small"">
                    <p class=""ellipsis-two-line"">It is the perfect table for games and extra seating for the holidays</p>
                </li>
                <li class=""v-spacing-small"">
                    <p class=""ellipsis-two-line"">Premium solid wood construction</p>
                </li>
    </ul><ul class=""list disc"">

                                        <li>This solid wood folding card table comes with a classic straight edge</li>


                                        <li>It is the perfect table for games and extra seating for the holidays</li>


                                        <li>Premium solid wood construction</li>


                                        <li>Steel folding mechanism</li>


                                        <li>Folds 3.375-in deep for storage</li>


                                        <li>No assembly required</li>


                                        <li>Weight capacity is 150-lbs</li>

                                </ul>",bedbathandbeyond ,0
24951,Game Room,Dartboards & Accessories,,"
            
                Hathaway Centerpoint 25.5-in Black Composite Dartboard Cabinet with Dartboard
            
                
            
        ",0,0,$113.47 ,https://mobileimages.lowes.com/product/converted/672875/672875903672.jpg,"<ul class=""pd-short-desc-listing list disc"">
                <li class=""v-spacing-small"">
                    <p class=""ellipsis-two-line"">Constructed of 1/2-in thick North American yellow poplar hardwood</p>
                </li>
                <li class=""v-spacing-small"">
                    <p class=""ellipsis-two-line"">Dark Cherry furniture finish</p>
                </li>
                <li class=""v-spacing-small"">
                    <p class=""ellipsis-two-line"">Regulation 18-in sisal fiber bristle dartboard with removable outer ring</p>
                </li>
    </ul><ul class=""list disc"">

                                        <li>Constructed of 1/2-in thick North American yellow poplar hardwood</li>


                                        <li>Dark Cherry furniture finish</li>


                                        <li>Regulation 18-in sisal fiber bristle dartboard with removable outer ring</li>


                                        <li>Includes dual dry erase scoreboards and dart holders on the inside of each door</li>


                                        <li>High quality stainless steel cabinet hinges</li>


                                        <li>Rounded target frame ring to prevent bounce-outs</li>


                                        <li>Plywood back board covered in high-quality green velor fabric</li>


                                        <li>Includes 2 sets of steel tipped darts with American flag and British flag flights (3 each)</li>

                                </ul>",bedbathandbeyond ,0
24952,Game Room,Multi-Game Tables,,"
            
                Stakmore Freestanding Wood
            
                
            
        ",0,0,$90.00 ,https://mobileimages.lowes.com/product/converted/503590/50359038.jpg,"<ul class=""pd-short-desc-listing list disc"">
                <li class=""v-spacing-small"">
                    <p class=""ellipsis-two-line"">This solid wood folding card table comes with a traditional flowing scalloped edge</p>
                </li>
                <li class=""v-spacing-small"">
                    <p class=""ellipsis-two-line"">It is the perfect table for games and extra seating for the holidays</p>
                </li>
                <li class=""v-spacing-small"">
                    <p class=""ellipsis-two-line"">Premium solid wood construction</p>
                </li>
    </ul><ul class=""list disc"">

                                        <li>This solid wood folding card table comes with a traditional flowing scalloped edge</li>


                                        <li>It is the perfect table for games and extra seating for the holidays</li>


                                        <li>Premium solid wood construction</li>


                                        <li>Steel folding mechanism</li>


                                        <li>Folds 3.375-in deep for storage</li>


                                        <li>No assembly required</li>


                                        <li>Weight capacity is 150-lbs</li>

                                </ul>",bedbathandbeyond ,0
24953,Game Room,Multi-Game Tables,,"
            
                Stakmore Freestanding Wood
            
                
            
        ",0,0,$90.00 ,https://mobileimages.lowes.com/product/converted/503590/50359042.jpg,"<ul class=""pd-short-desc-listing list disc"">
                <li class=""v-spacing-small"">
                    <p class=""ellipsis-two-line"">This solid wood folding card table comes with a classic straight edge</p>
                </li>
                <li class=""v-spacing-small"">
                    <p class=""ellipsis-two-line"">It is the perfect table for games and extra seating for the holidays</p>
                </li>
                <li class=""v-spacing-small"">
                    <p class=""ellipsis-two-line"">Premium solid wood construction</p>
                </li>
    </ul><ul class=""list disc"">

                                        <li>This solid wood folding card table comes with a classic straight edge</li>


                                        <li>It is the perfect table for games and extra seating for the holidays</li>


                                        <li>Premium solid wood construction</li>


                                        <li>Steel folding mechanism</li>


                                        <li>Folds 3.375-in deep for storage</li>


                                        <li>No assembly required</li>


                                        <li>Weight capacity is 150-lbs</li>

                                </ul>",bedbathandbeyond ,0
24954,Game Room,Multi-Game Tables,,"
            
                Stakmore Freestanding Wood
            
                
            
        ",0,0,$90.00 ,https://mobileimages.lowes.com/product/converted/503590/50359046.jpg,"<ul class=""pd-short-desc-listing list disc"">
                <li class=""v-spacing-small"">
                    <p class=""ellipsis-two-line"">This solid wood folding card table comes with a classic straight edge</p>
                </li>
                <li class=""v-spacing-small"">
                    <p class=""ellipsis-two-line"">It is the perfect table for games and extra seating for the holidays</p>
                </li>
                <li class=""v-spacing-small"">
                    <p class=""ellipsis-two-line"">Premium solid wood construction</p>
                </li>
    </ul><ul class=""list disc"">

                                        <li>This solid wood folding card table comes with a classic straight edge</li>


                                        <li>It is the perfect table for games and extra seating for the holidays</li>


                                        <li>Premium solid wood construction</li>


                                        <li>Steel folding mechanism</li>


                                        <li>Folds 3.375-in deep for storage</li>


                                        <li>No assembly required</li>


                                        <li>Weight capacity is 150-lbs</li>

                                </ul>",bedbathandbeyond ,0
24955,Game Room,Dartboards & Accessories,,"
            
                FatCat 3-Set Camouflage Steel Tip Darts
            
                
            
        ",0,0,$22.08 ,https://mobileimages.lowes.com/product/converted/466162/4661623.jpg,"<ul class=""pd-short-desc-listing list disc"">
                <li class=""v-spacing-small"">
                    <p class=""ellipsis-two-line"">Support veterans groups</p>
                </li>
                <li class=""v-spacing-small"">
                    <p class=""ellipsis-two-line"">Part of the proceeds will be donated to a veterans fund</p>
                </li>
                <li class=""v-spacing-small"">
                    <p class=""ellipsis-two-line"">This dart features red, white and blue hand painted rings</p>
                </li>
    </ul><ul class=""list disc"">

                                        <li>Support veterans groups</li>


                                        <li>Part of the proceeds will be donated to a veterans fund</li>


                                        <li>This dart features red, white and blue hand painted rings</li>


                                        <li>Printed camouflage and support our troops design on dart case</li>


                                        <li>Nickel silver plated barrel with hand-painted rings, nylon shafts</li>

                                </ul>",bedbathandbeyond ,0
24956,Game Room,Dartboards & Accessories,,"
            
                FatCat Dart Scoreboard
            
                
            
        ",0,0,$20.84 ,https://mobileimages.lowes.com/product/converted/466162/4661627.jpg,"<ul class=""pd-short-desc-listing list disc"">
                <li class=""v-spacing-small"">
                    <p class=""ellipsis-two-line"">Includes large chalkboard scoreboard, mounting hardware, chalk, and eraser</p>
                </li>
                <li class=""v-spacing-small"">
                    <p class=""ellipsis-two-line"">FatCat has been manufacturing and distributing well known family gaming products for over 30 years and is proud to be America's leading innovator of dart, billiard, tables games, and home casino products</p>
                </li>
    </ul><ul class=""list disc"">

                                        <li>Includes large chalkboard scoreboard, mounting hardware, chalk, and eraser</li>


                                        <li>FatCat has been manufacturing and distributing well known family gaming products for over 30 years and is proud to be America's leading innovator of dart, billiard, tables games, and home casino products</li>

                                </ul>",bedbathandbeyond ,0
24957,Game Room,Dartboards & Accessories,,"
            
                FatCat Electronic Battery Powered Composite Dartboard
            
                
            
        ",0,0,$34.48 ,https://mobileimages.lowes.com/product/converted/466163/4661631.jpg,"<ul class=""pd-short-desc-listing list disc"">
                <li class=""v-spacing-small"">
                    <p class=""ellipsis-two-line"">13-in target face with tournament spider</p>
                </li>
                <li class=""v-spacing-small"">
                    <p class=""ellipsis-two-line"">Angled spider to reduce bounce-outs</p>
                </li>
                <li class=""v-spacing-small"">
                    <p class=""ellipsis-two-line"">LCD cricket display</p>
                </li>
    </ul><ul class=""list disc"">

                                        <li>13-in target face with tournament spider</li>


                                        <li>Angled spider to reduce bounce-outs</li>


                                        <li>LCD cricket display</li>


                                        <li>Automatic shut-off</li>


                                        <li>Width: 16.375-in, Length: 17.125-in</li>


                                        <li>Uses 4-AA batteries (not included)</li>


                                        <li>2-sets of dart</li>


                                        <li>Extra tips</li>


                                        <li>Game manual, 18-games, 96-options, 8-players</li>

                                </ul>",bedbathandbeyond ,0
24958,Game Room,Dartboards & Accessories,,"
            
                FatCat Plastic Dart Scoreboard
            
                
            
        ",0,0,$22.08 ,https://mobileimages.lowes.com/product/converted/466162/4661629.jpg,"<ul class=""pd-short-desc-listing list disc"">
                <li class=""v-spacing-small"">
                    <p class=""ellipsis-two-line"">Includes large dry erase scoreboard, mounting hardware and dry erase marker</p>
                </li>
                <li class=""v-spacing-small"">
                    <p class=""ellipsis-two-line"">FatCat has been manufacturing and distributing well known family gaming products for over 30 years and is proud to be America's leading innovator of dart, billiard, tables games, and home casino products</p>
                </li>
    </ul><ul class=""list disc"">

                                        <li>Includes large dry erase scoreboard, mounting hardware and dry erase marker</li>


                                        <li>FatCat has been manufacturing and distributing well known family gaming products for over 30 years and is proud to be America's leading innovator of dart, billiard, tables games, and home casino products</li>

                                </ul>",bedbathandbeyond ,0
24959,Game Room,Ping Pong Tables & Accessories,,"
            
                Hathaway Delux EZ Clamp Net and Posts Set
            
                
            
        ",0,0,$21.86 ,https://mobileimages.lowes.com/product/converted/672875/672875903740.jpg,"<ul class=""pd-short-desc-listing list disc"">
                <li class=""v-spacing-small"">
                    <p class=""ellipsis-two-line"">Spring-activated Table Tennis net and post clip system that stays taut</p>
                </li>
                <li class=""v-spacing-small"">
                    <p class=""ellipsis-two-line"">Constructed of heavy duty steel posts and durable premium grade cotton blend net</p>
                </li>
                <li class=""v-spacing-small"">
                    <p class=""ellipsis-two-line"">Post features rubber padding to protect the table top and ensure a tight fit when attached</p>
                </li>
    </ul><ul class=""list disc"">

                                        <li>Spring-activated Table Tennis net and post clip system that stays taut</li>


                                        <li>Constructed of heavy duty steel posts and durable premium grade cotton blend net</li>


                                        <li>Post features rubber padding to protect the table top and ensure a tight fit when attached</li>


                                        <li>Fits most standard Table Tennis tables up to a table width of 1-5/8-in</li>


                                        <li>Fast and easy installation</li>

                                </ul>",bedbathandbeyond ,0
24960,Game Room,Multi-Game Tables,,"
            
                Stakmore Freestanding Wood
            
                
            
        ",0,0,$90.00 ,https://mobileimages.lowes.com/product/converted/503590/50359040.jpg,"<ul class=""pd-short-desc-listing list disc"">
                <li class=""v-spacing-small"">
                    <p class=""ellipsis-two-line"">This solid wood folding card table comes with a traditional flowing scalloped edge</p>
                </li>
                <li class=""v-spacing-small"">
                    <p class=""ellipsis-two-line"">It is the perfect table for games and extra seating for the holidays</p>
                </li>
                <li class=""v-spacing-small"">
                    <p class=""ellipsis-two-line"">Premium solid wood construction</p>
                </li>
    </ul><ul class=""list disc"">

                                        <li>This solid wood folding card table comes with a traditional flowing scalloped edge</li>


                                        <li>It is the perfect table for games and extra seating for the holidays</li>


                                        <li>Premium solid wood construction</li>


                                        <li>Steel folding mechanism</li>


                                        <li>Folds 3.375-in deep for storage</li>


                                        <li>No assembly required</li>


                                        <li>Weight capacity is 150-lbs</li>

                                </ul>",bedbathandbeyond ,0
24961,Game Room,Pool Tables & Accessories,,"
            
                Championship Saturn II 7-ft  Billiard Cloth
            
                
            
        ",0,0,$91.30 ,https://mobileimages.lowes.com/product/converted/672875/672875903450.jpg,"<ul class=""pd-short-desc-listing list disc"">
                <li class=""v-spacing-small"">
                    <p class=""ellipsis-two-line"">Liberally cut 6 rail cloths plus 7-ft bed cloth: 90-in x 48-in</p>
                </li>
                <li class=""v-spacing-small"">
                    <p class=""ellipsis-two-line"">75% Wool 25% nylon blended woolen fabric</p>
                </li>
                <li class=""v-spacing-small"">
                    <p class=""ellipsis-two-line"">Blended wool and tight weave provide superior cloth stretching capability</p>
                </li>
    </ul><ul class=""list disc"">

                                        <li>Liberally cut 6 rail cloths plus 7-ft bed cloth: 90-in x 48-in</li>


                                        <li>75% Wool 25% nylon blended woolen fabric</li>


                                        <li>Blended wool and tight weave provide superior cloth stretching capability</li>


                                        <li>Coated with DuPont Teflon for added stain resistance</li>


                                        <li>Includes table spot and 2 pieces of color matched cue chalk</li>

                                </ul>",bedbathandbeyond ,0
24962,Game Room,Multi-Game Tables,,"
            
                Hathaway Maverick Freestanding MDF 2-Game Table
            
                
            
        ",0,0,$616.80 ,https://mobileimages.lowes.com/product/converted/672875/672875902125.jpg,"<ul class=""pd-short-desc-listing list disc"">
                <li class=""v-spacing-small"">
                    <p class=""ellipsis-two-line"">Pool Table playfield: 74.75-in L x 36.75-in W x 5/8-in thick MDF with durable high quality red felt</p>
                </li>
                <li class=""v-spacing-small"">
                    <p class=""ellipsis-two-line"">Table Tennis playfield: 84-in L x 46-in W x 1/2-in thick blue two-piece top with black edge trim</p>
                </li>
                <li class=""v-spacing-small"">
                    <p class=""ellipsis-two-line"">Silver laminate top rail with 1/2-in white inlay sights and chrome-plated corner cap</p>
                </li>
    </ul><ul class=""list disc"">

                                        <li>Pool Table playfield: 74.75-in L x 36.75-in W x 5/8-in thick MDF with durable high quality red felt</li>


                                        <li>Table Tennis playfield: 84-in L x 46-in W x 1/2-in thick blue two-piece top with black edge trim</li>


                                        <li>Silver laminate top rail with 1/2-in white inlay sights and chrome-plated corner cap</li>


                                        <li>Reinforced rubber cushions provide accurate and fast ball rebound</li>


                                        <li>Black matte laminated side and end panels with black ABS molded corner connectors</li>


                                        <li>Pedestal style leg design with leg levelers for added stability</li>


                                        <li>Durable resin molded drop pockets</li>

                                </ul>",bedbathandbeyond ,0
24963,Game Room,Shuffleboard Tables & Accessories,,"
            
                Hathaway Challenger 14-ft Manual Freestanding Shuffleboard Table
            
                
            
        ",0,0,"$1,423.27 ",https://mobileimages.lowes.com/product/converted/672875/672875903207.jpg,"<ul class=""pd-short-desc-listing list disc"">
                <li class=""v-spacing-small"">
                    <p class=""ellipsis-two-line"">Enjoy the 14-ft pub style shuffleboard table with its rich dark Cherry laminate cabinet in the comfort of your own home</p>
                </li>
                <li class=""v-spacing-small"">
                    <p class=""ellipsis-two-line"">Thick 1.5-in solid finger jointed hardwood butcher block playing surface is coated in a smooth, glossy polyurethane to ensure the puck slides true</p>
                </li>
                <li class=""v-spacing-small"">
                    <p class=""ellipsis-two-line"">Includes climate adjusters to smooth out any playing surface variations during humid or dry weather</p>
                </li>
    </ul><ul class=""list disc"">

                                        <li>Enjoy the 14-ft pub style shuffleboard table with its rich dark Cherry laminate cabinet in the comfort of your own home</li>


                                        <li>Thick 1.5-in solid finger jointed hardwood butcher block playing surface is coated in a smooth, glossy polyurethane to ensure the puck slides true</li>


                                        <li>Includes climate adjusters to smooth out any playing surface variations during humid or dry weather</li>


                                        <li>Molded, cabinet-grade plywood corners</li>


                                        <li>Pedestal style legs with built-in storage</li>


                                        <li>Large 6-in independent stabilizing leg levelers</li>


                                        <li>6 wood abacus scoring units</li>


                                        <li>Playing surface: 168-in L x 15-in W; side and end aprons: 6-in H x 1-in thick</li>


                                        <li>Includes: wooden puck case, 4 blue pucks, 4 red pucks, 1 table brush, 1 can of wax/powder</li>

                                </ul>",bedbathandbeyond ,0
24964,Game Room,Pool Tables & Accessories,,"
            
                Holland 7-ft Kentucky Wildcats Billiard Table Cover
            
                
            
        ",0,0,$99.00 ,https://mobileimages.lowes.com/product/converted/466532/4665325.jpg,"<ul class=""pd-short-desc-listing list disc"">
                <li class=""v-spacing-small"">
                    <p class=""ellipsis-two-line"">Sports style</p>
                </li>
                <li class=""v-spacing-small"">
                    <p class=""ellipsis-two-line"">Made with commercial grade woven vinyl</p>
                </li>
                <li class=""v-spacing-small"">
                    <p class=""ellipsis-two-line"">Step-by-step screen print process ensures finest detail possible</p>
                </li>
    </ul><ul class=""list disc"">

                                        <li>Sports style</li>


                                        <li>Made with commercial grade woven vinyl</li>


                                        <li>Step-by-step screen print process ensures finest detail possible</li>


                                        <li>Semi-fitted construction simplifies placing and removing of cover</li>


                                        <li>Officially licensed logos</li>


                                        <li>Hand-made in the USA</li>

                                </ul>",bedbathandbeyond ,0
24965,Game Room,Air Hockey Tables & Accessories,,"
            
                Hathaway Phantom Freestanding Composite Air Hockey Table
            
                
            
        ",0,0,$677.46 ,https://mobileimages.lowes.com/product/converted/672875/672875903146.jpg,"<ul class=""pd-short-desc-listing list disc"">
                <li class=""v-spacing-small"">
                    <p class=""ellipsis-two-line"">Playing surface: 81-in L x 42-in W x 1-in deep; table dimensions: 89-in L x 48-in W x 32-in H</p>
                </li>
                <li class=""v-spacing-small"">
                    <p class=""ellipsis-two-line"">Deep-impact blue melamine covered MDF cabinet with chrome accented streamlined radius corners</p>
                </li>
                <li class=""v-spacing-small"">
                    <p class=""ellipsis-two-line"">Scratch resistant high-gloss poly sealed playing surface</p>
                </li>
    </ul><ul class=""list disc"">

                                        <li>Playing surface: 81-in L x 42-in W x 1-in deep; table dimensions: 89-in L x 48-in W x 32-in H</li>


                                        <li>Deep-impact blue melamine covered MDF cabinet with chrome accented streamlined radius corners</li>


                                        <li>Scratch resistant high-gloss poly sealed playing surface</li>


                                        <li>Sturdy arched pedestal style leg design with 3-in leg levelers</li>


                                        <li>Dual 110 V/60ez UL-approved high output blower motors</li>


                                        <li>Electronic LED scoring with built-in timer and multiple game setting options; (4) AA batteries required (not included)</li>


                                        <li>Goal boxes with built-in automatic puck return system</li>


                                        <li>Includes two 3.75-in strikers and four 3-in pucks</li>

                                </ul>",bedbathandbeyond ,0
24966,Game Room,Pool Tables & Accessories,,"
            
                Hathaway Sharp Shooter Indoor Tabletop Pool Table
            
                
            
        ",0,0,$90.68 ,https://mobileimages.lowes.com/product/converted/672875/672875902828.jpg,"<ul class=""pd-short-desc-listing list disc"">
                <li class=""v-spacing-small"">
                    <p class=""ellipsis-two-line"">This lightweight, economical tabletop Pool Table is great for introducing pool to kids</p>
                </li>
                <li class=""v-spacing-small"">
                    <p class=""ellipsis-two-line"">Playing surface: 37-in L x 18-in W x 1/4-in thick CARB certified MDF</p>
                </li>
                <li class=""v-spacing-small"">
                    <p class=""ellipsis-two-line"">Table dimensions: 40-in L x 21.5-in W x 7-in H</p>
                </li>
    </ul><ul class=""list disc"">

                                        <li>This lightweight, economical tabletop Pool Table is great for introducing pool to kids</li>


                                        <li>Playing surface: 37-in L x 18-in W x 1/4-in thick CARB certified MDF</li>


                                        <li>Table dimensions: 40-in L x 21.5-in W x 7-in H</li>


                                        <li>High quality blended polyester/wool blue felt table surface</li>


                                        <li>Sturdy L-shaped legs with no-mar pads protect floors and tables</li>


                                        <li>Compact and portable tabletop design</li>


                                        <li>Includes: two 36-in cues, 1 set of 1.25-in billiard balls, 2 pieces of chalk, brush and triangle</li>

                                </ul>",bedbathandbeyond ,0
24967,Game Room,Pool Tables & Accessories,,"
            
                Championship Saturn II 7-ft Billiard Cloth
            
                
            
        ",0,0,$85.05 ,https://mobileimages.lowes.com/product/converted/672875/672875903467.jpg,"<ul class=""pd-short-desc-listing list disc"">
                <li class=""v-spacing-small"">
                    <p class=""ellipsis-two-line"">Liberally cut 6 rail cloths plus 7-ft bed cloth: 90-in x 48-in</p>
                </li>
                <li class=""v-spacing-small"">
                    <p class=""ellipsis-two-line"">75% Wool 25% nylon blended woolen fabric</p>
                </li>
                <li class=""v-spacing-small"">
                    <p class=""ellipsis-two-line"">Blended wool and tight weave provide superior cloth stretching capability</p>
                </li>
    </ul><ul class=""list disc"">

                                        <li>Liberally cut 6 rail cloths plus 7-ft bed cloth: 90-in x 48-in</li>


                                        <li>75% Wool 25% nylon blended woolen fabric</li>


                                        <li>Blended wool and tight weave provide superior cloth stretching capability</li>


                                        <li>Coated with DuPont Teflon for added stain resistance</li>


                                        <li>Includes table spot and 2 pieces of color matched cue chalk</li>

                                </ul>",bedbathandbeyond ,0
24968,Game Room,Pool Tables & Accessories,,"
            
                Holland 9-ft Notre Dame Fighting Irish Billiard Table Cover
            
                
            
        ",0,0,$109.00 ,https://mobileimages.lowes.com/product/converted/466565/4665657.jpg,"<ul class=""pd-short-desc-listing list disc"">
                <li class=""v-spacing-small"">
                    <p class=""ellipsis-two-line"">Sports style</p>
                </li>
                <li class=""v-spacing-small"">
                    <p class=""ellipsis-two-line"">Made with commercial grade woven vinyl</p>
                </li>
                <li class=""v-spacing-small"">
                    <p class=""ellipsis-two-line"">Step-by-step screen print process ensures finest detail possible</p>
                </li>
    </ul><ul class=""list disc"">

                                        <li>Sports style</li>


                                        <li>Made with commercial grade woven vinyl</li>


                                        <li>Step-by-step screen print process ensures finest detail possible</li>


                                        <li>Semi-fitted construction simplifies placing and removing of cover</li>


                                        <li>Officially licensed logos</li>


                                        <li>Hand-made in the USA</li>

                                </ul>",bedbathandbeyond ,0
24969,Game Room,Electronic Basketball Games,,"
            
                Hathaway Sure Shot Dual Battery-Powered Indoor Basketball Game
            
                
            
        ",0,0,$130.19 ,https://mobileimages.lowes.com/product/converted/672875/672875903962.jpg,"<ul class=""pd-short-desc-listing list disc"">
                <li class=""v-spacing-small"">
                    <p class=""ellipsis-two-line"">Open dimensions: 43-in W x 81-in D x81-in H; folded dimensions: 43-in W x 39-in D x 81-in H</p>
                </li>
                <li class=""v-spacing-small"">
                    <p class=""ellipsis-two-line"">LED electronic scorer with sounds and timer - 8 exciting games to choose from</p>
                </li>
                <li class=""v-spacing-small"">
                    <p class=""ellipsis-two-line"">9mm thick CARB certified MDF backboard with colorful action graphics</p>
                </li>
    </ul><ul class=""list disc"">

                                        <li>Open dimensions: 43-in W x 81-in D x81-in H; folded dimensions: 43-in W x 39-in D x 81-in H</li>


                                        <li>LED electronic scorer with sounds and timer - 8 exciting games to choose from</li>


                                        <li>9mm thick CARB certified MDF backboard with colorful action graphics</li>


                                        <li>Durable rip-stop polyester ramp with double stitched side netting</li>


                                        <li>Powder coated 7/8-in diameter steel frame</li>


                                        <li>Heavy duty 9-in diameter powder coated steel welded rims</li>


                                        <li>Includes (4) 7-in basketballs, ball pump with needle, and two basketball nets</li>

                                </ul>",bedbathandbeyond ,0
24970,Game Room,Multi-Game Tables,,"
            
                Hillsdale Furniture Kingston Freestanding Wood Game Table
            
                
            
        ",0,0,"$2,467.00 ",https://mobileimages.lowes.com/product/converted/500501/50050195.jpg,"<ul class=""pd-short-desc-listing list disc"">
                <li class=""v-spacing-small"">
                    <p class=""ellipsis-two-line"">The Kingston game table is a distinguished addition to any home</p>
                </li>
                <li class=""v-spacing-small"">
                    <p class=""ellipsis-two-line"">The light cherry-finished wood and black felt give this table a stately presence</p>
                </li>
                <li class=""v-spacing-small"">
                    <p class=""ellipsis-two-line"">Its true grandness can be found in the ornate details on the table's base</p>
                </li>
    </ul><ul class=""list disc"">

                                        <li>The Kingston game table is a distinguished addition to any home</li>


                                        <li>The light cherry-finished wood and black felt give this table a stately presence</li>


                                        <li>Its true grandness can be found in the ornate details on the table's base</li>


                                        <li>Reversible table top</li>


                                        <li>Game table: 56.25-in L x 56.25-in W x 32.75-in H</li>


                                        <li>4 leather-back game chairs: 25.5-in W x 25.25-in D x 39.5-in H (each)</li>

                                </ul>",bedbathandbeyond ,0
24971,Game Room,Pool Tables & Accessories,,"
            
                Hathaway Vintage 59.5-in Brown Pool Cue Rack
            
                
            
        ",0,0,$132.64 ,https://mobileimages.lowes.com/product/converted/672875/672875903849.jpg,"<ul class=""pd-short-desc-listing list disc"">
                <li class=""v-spacing-small"">
                    <p class=""ellipsis-two-line"">Dimensions: 25.5-in W x 4.5-in D x 59.5-in H</p>
                </li>
                <li class=""v-spacing-small"">
                    <p class=""ellipsis-two-line"">Handcrafted from solid hardwood</p>
                </li>
                <li class=""v-spacing-small"">
                    <p class=""ellipsis-two-line"">Holds up to 8 pool cues (cues not included)</p>
                </li>
    </ul><ul class=""list disc"">

                                        <li>Dimensions: 25.5-in W x 4.5-in D x 59.5-in H</li>


                                        <li>Handcrafted from solid hardwood</li>


                                        <li>Holds up to 8 pool cues (cues not included)</li>


                                        <li>Hook for hanging ball rack</li>


                                        <li>Scratch-resistant durable protective clear coat</li>


                                        <li>Mounting hardware included</li>


                                        <li>Available in 2 beautiful furniture finishes - antique walnut or rich mahogany</li>


                                        <li>Does not include pool cues</li>

                                </ul>",bedbathandbeyond ,0
24972,Game Room,Multi-Game Tables,,"
            
                FatCat Tabletop 2-Game Table
            
                
            
        ",0,0,$73.46 ,https://mobileimages.lowes.com/product/converted/473205/4732055.jpg,"<ul class=""pd-short-desc-listing list disc"">
                <li class=""v-spacing-small"">
                    <p class=""ellipsis-two-line"">Solid wood and felt construction</p>
                </li>
                <li class=""v-spacing-small"">
                    <p class=""ellipsis-two-line"">Colorful felt playing surface</p>
                </li>
                <li class=""v-spacing-small"">
                    <p class=""ellipsis-two-line"">Top easily unfolds and lies flat on any surface</p>
                </li>
    </ul><ul class=""list disc"">

                                        <li>Solid wood and felt construction</li>


                                        <li>Colorful felt playing surface</li>


                                        <li>Top easily unfolds and lies flat on any surface</li>


                                        <li>8 built-in poker chip and drink holders</li>


                                        <li>Poker table features drink holders, folding and storage</li>

                                </ul>",bedbathandbeyond ,0
24973,Game Room,Pool Tables & Accessories,,"
            
                Holland 8-ft Kentucky Wildcats Billiard Table Cover
            
                
            
        ",0,0,$104.00 ,https://mobileimages.lowes.com/product/converted/466552/4665525.jpg,"<ul class=""pd-short-desc-listing list disc"">
                <li class=""v-spacing-small"">
                    <p class=""ellipsis-two-line"">Sports style</p>
                </li>
                <li class=""v-spacing-small"">
                    <p class=""ellipsis-two-line"">Made with commercial grade woven vinyl</p>
                </li>
                <li class=""v-spacing-small"">
                    <p class=""ellipsis-two-line"">Step-by-step screen print process ensures finest detail possible</p>
                </li>
    </ul><ul class=""list disc"">

                                        <li>Sports style</li>


                                        <li>Made with commercial grade woven vinyl</li>


                                        <li>Step-by-step screen print process ensures finest detail possible</li>


                                        <li>Semi-fitted construction simplifies placing and removing of cover</li>


                                        <li>Officially licensed logos</li>


                                        <li>Hand-made in the USA</li>

                                </ul>",bedbathandbeyond ,0
24974,Game Room,Multi-Game Tables,,"
            
                Hathaway Park Avenue Freestanding Mdf 2-Game Table
            
                
            
        ",0,0,"$1,113.38 ",https://mobileimages.lowes.com/product/converted/672875/672875901876.jpg,"<ul class=""pd-short-desc-listing list disc"">
                <li class=""v-spacing-small"">
                    <p class=""ellipsis-two-line"">Pool Table playfield: 74.75-in L x 36.75-in W x 3/4-in thick MDF with red felt</p>
                </li>
                <li class=""v-spacing-small"">
                    <p class=""ellipsis-two-line"">Black 2-piece dining/Table Tennis top with black edge trim: 84-in L x 47-in W x 5/8-in H</p>
                </li>
                <li class=""v-spacing-small"">
                    <p class=""ellipsis-two-line"">2 leatherette padded bench seats with Dual hydraulic ZEO-lifters and built-in lined storage: 67-in L x 12.625-in W x 19.75-in H</p>
                </li>
    </ul><ul class=""list disc"">

                                        <li>Pool Table playfield: 74.75-in L x 36.75-in W x 3/4-in thick MDF with red felt</li>


                                        <li>Black 2-piece dining/Table Tennis top with black edge trim: 84-in L x 47-in W x 5/8-in H</li>


                                        <li>2 leatherette padded bench seats with Dual hydraulic ZEO-lifters and built-in lined storage: 67-in L x 12.625-in W x 19.75-in H</li>


                                        <li>Black matte laminated side, end and leg panels with independent leg levelers</li>


                                        <li>Durable ABS molded drop pockets</li>


                                        <li>Set includes all accessories for Pool Table and Table Tennis</li>

                                </ul>",bedbathandbeyond ,0
24975,Game Room,Air Hockey Tables & Accessories,,"
            
                Hathaway Hat Trick Freestanding Composite Air Hockey Table
            
                
            
        ",0,0,$129.24 ,https://mobileimages.lowes.com/product/converted/672875/672875902842.jpg,"<ul class=""pd-short-desc-listing list disc"">
                <li class=""v-spacing-small"">
                    <p class=""ellipsis-two-line"">Playing surface: 47-in L x 23-in W x 5/8-in CARB certified MDF; table dimensions: 54-in L x 24-in W x 31-in H</p>
                </li>
                <li class=""v-spacing-small"">
                    <p class=""ellipsis-two-line"">Poly-sealed scratch resistant surface with laminated graphics</p>
                </li>
                <li class=""v-spacing-small"">
                    <p class=""ellipsis-two-line"">L- shaped legs with reinforced end support panels and sturdy independent stabilizing leg levelers</p>
                </li>
    </ul><ul class=""list disc"">

                                        <li>Playing surface: 47-in L x 23-in W x 5/8-in CARB certified MDF; table dimensions: 54-in L x 24-in W x 31-in H</li>


                                        <li>Poly-sealed scratch resistant surface with laminated graphics</li>


                                        <li>L- shaped legs with reinforced end support panels and sturdy independent stabilizing leg levelers</li>


                                        <li>Single 110V UL-approved high output electric blower</li>


                                        <li>Electronic scoring unit and built-in manual slide scoring system with goal boxes</li>


                                        <li>(2) AAA batteries required; not included</li>

                                </ul>",bedbathandbeyond ,0
24976,Game Room,Ping Pong Tables & Accessories,,"
            
                Stiga 108-in Indoor Freestanding Ping Pong Table
            
                
            
        ",0,0,$629.98 ,https://mobileimages.lowes.com/product/converted/754806/754806053721.jpg,"<ul class=""pd-short-desc-listing list disc"">
                <li class=""v-spacing-small"">
                    <p class=""ellipsis-two-line"">Fully assembled; from box-to-play instantly</p>
                </li>
                <li class=""v-spacing-small"">
                    <p class=""ellipsis-two-line"">Black top with steel support apron</p>
                </li>
                <li class=""v-spacing-small"">
                    <p class=""ellipsis-two-line"">Edge banding and striping</p>
                </li>
    </ul><ul class=""list disc"">

                                        <li>Fully assembled; from box-to-play instantly</li>


                                        <li>Black top with steel support apron</li>


                                        <li>Edge banding and striping</li>


                                        <li>Square steel legs and ball-bearing casters</li>


                                        <li>Corner pads for added protection and snag prevention</li>


                                        <li>Can be used as 2 freestanding multi-use tables</li>


                                        <li>Includes net and posts</li>


                                        <li>Configures to 1 side playback position and easy storage</li>

                                </ul>",bedbathandbeyond ,0
24977,Game Room,Air Hockey Tables & Accessories,,"
            
                Atomic Arcade Freestanding Composite Air Hockey Table
            
                
            
        ",0,0,$578.98 ,https://mobileimages.lowes.com/product/converted/754806/754806136158.jpg,"<ul class=""pd-short-desc-listing list disc"">
                <li class=""v-spacing-small"">
                    <p class=""ellipsis-two-line"">Table can accommodate a table tennis conversion top</p>
                </li>
                <li class=""v-spacing-small"">
                    <p class=""ellipsis-two-line"">Gloss PVC laminated play bed, MDF aprons, pedestal style legs, and leg levelers</p>
                </li>
                <li class=""v-spacing-small"">
                    <p class=""ellipsis-two-line"">Heavy-duty 120 volt blower motor, 60 hertz, and 0.9 amps for faster play</p>
                </li>
    </ul><ul class=""list disc"">

                                        <li>Table can accommodate a table tennis conversion top</li>


                                        <li>Gloss PVC laminated play bed, MDF aprons, pedestal style legs, and leg levelers</li>


                                        <li>Heavy-duty 120 volt blower motor, 60 hertz, and 0.9 amps for faster play</li>


                                        <li>Solid MDF rails that overhang to reduce puck bounce</li>


                                        <li>Flip-up electronic scoring</li>


                                        <li>Includes 4 black strikers and 4 black pucks</li>

                                </ul>",bedbathandbeyond ,0
24978,Game Room,Multi-Game Tables,,"
            
                Hillsdale Furniture Nassau Freestanding Wood Game Table
            
                
            
        ",0,0,"$2,372.00 ",https://mobileimages.lowes.com/product/converted/500501/50050199.jpg,"<ul class=""pd-short-desc-listing list disc"">
                <li class=""v-spacing-small"">
                    <p class=""ellipsis-two-line"">The Nassau game set is distinguished and regal</p>
                </li>
                <li class=""v-spacing-small"">
                    <p class=""ellipsis-two-line"">The classic lines and nail head trim on the chairs along with the lift mechanism that allows them to adjust to different heights and swivels, make them elegant and practical</p>
                </li>
                <li class=""v-spacing-small"">
                    <p class=""ellipsis-two-line"">The table only adds to the magnificence of this set and can transition from a black felt game table to a solid wood top for dining</p>
                </li>
    </ul><ul class=""list disc"">

                                        <li>The Nassau game set is distinguished and regal</li>


                                        <li>The classic lines and nail head trim on the chairs along with the lift mechanism that allows them to adjust to different heights and swivels, make them elegant and practical</li>


                                        <li>The table only adds to the magnificence of this set and can transition from a black felt game table to a solid wood top for dining</li>


                                        <li>Game table: 52-in L x 52-in W x 30-in H</li>


                                        <li>4 leather-back game chairs: 22-in W x 20-in D x 36-in H (each)</li>

                                </ul>",bedbathandbeyond ,0
24979,Game Room,Multi-Game Tables,,"
            
                Hillsdale Furniture Kingston Freestanding Wood Game Table
            
                
            
        ",0,0,$887.00 ,https://mobileimages.lowes.com/product/converted/500501/50050193.jpg,"<ul class=""pd-short-desc-listing list disc"">
                <li class=""v-spacing-small"">
                    <p class=""ellipsis-two-line"">The Kingston game table is a distinguished addition to any home</p>
                </li>
                <li class=""v-spacing-small"">
                    <p class=""ellipsis-two-line"">The light cherry-finished wood and black felt give this table a stately presence</p>
                </li>
                <li class=""v-spacing-small"">
                    <p class=""ellipsis-two-line"">Its true grandness can be found in the ornate details on the table's base</p>
                </li>
    </ul><ul class=""list disc"">

                                        <li>The Kingston game table is a distinguished addition to any home</li>


                                        <li>The light cherry-finished wood and black felt give this table a stately presence</li>


                                        <li>Its true grandness can be found in the ornate details on the table's base</li>


                                        <li>Reversible table top</li>

                                </ul>",bedbathandbeyond ,0
24980,Game Room,Pool Tables & Accessories,,"
            
                Holland 9-ft Georgia Bulldogs Billiard Table Cover
            
                
            
        ",0,0,$109.00 ,https://mobileimages.lowes.com/product/converted/466559/4665595.jpg,"<ul class=""pd-short-desc-listing list disc"">
                <li class=""v-spacing-small"">
                    <p class=""ellipsis-two-line"">Sports style</p>
                </li>
                <li class=""v-spacing-small"">
                    <p class=""ellipsis-two-line"">Made with commercial grade woven vinyl</p>
                </li>
                <li class=""v-spacing-small"">
                    <p class=""ellipsis-two-line"">Step-by-step screen print process ensures finest detail possible</p>
                </li>
    </ul><ul class=""list disc"">

                                        <li>Sports style</li>


                                        <li>Made with commercial grade woven vinyl</li>


                                        <li>Step-by-step screen print process ensures finest detail possible</li>


                                        <li>Semi-fitted construction simplifies placing and removing of cover</li>


                                        <li>Officially licensed logos</li>


                                        <li>Hand-made in the USA</li>

                                </ul>",bedbathandbeyond ,0
24981,Game Room,Pool Tables & Accessories,,"
            
                RAM Gameroom Products 24-in Silver Pool Cue Rack
            
                
            
        ",0,0,$78.00 ,https://mobileimages.lowes.com/product/converted/473262/4732621.jpg,"<ul class=""pd-short-desc-listing list disc"">
                <li class=""v-spacing-small"">
                    <p class=""ellipsis-two-line"">Transitional style</p>
                </li>
                <li class=""v-spacing-small"">
                    <p class=""ellipsis-two-line"">Floor rack type</p>
                </li>
                <li class=""v-spacing-small"">
                    <p class=""ellipsis-two-line"">Manufacturer Color/Finish: Stainless</p>
                </li>
    </ul><ul class=""list disc"">

                                        <li>Transitional style</li>


                                        <li>Floor rack type</li>


                                        <li>Manufacturer Color/Finish: Stainless</li>

                                </ul>",bedbathandbeyond ,0
,,,,,0,0,$49.98 ,,,bedbathandbeyond ,0
