21418,Dining & Entertaining,Serving Trays & Caddies,,"
            
                Suncast 34-in x 22-in Tan/Java Resin Square Serving Caddy
            
                
            
        ",0,0,$129.00 ,https://mobileimages.lowes.com/product/converted/044365/044365012964.jpg,"<ul class=""pd-short-desc-listing list disc"">
                <li class=""v-spacing-small"">
                    <p class=""ellipsis-two-line"">Provides 40 inch wide counter space for serving</p>
                </li>
                <li class=""v-spacing-small"">
                    <p class=""ellipsis-two-line"">Upper cabinet stores included serving tray</p>
                </li>
                <li class=""v-spacing-small"">
                    <p class=""ellipsis-two-line"">Lower cabinet below for accessories and supplies (not included)</p>
                </li>
    </ul><ul class=""list disc"">

                                        <li>Provides 40 inch wide counter space for serving</li>


                                        <li>Upper cabinet stores included serving tray</li>


                                        <li>Lower cabinet below for accessories and supplies (not included)</li>


                                        <li>Casters (two locking and two non locking) for portability</li>


                                        <li>Easy snap together assembly</li>


                                        <li>Long lasting resin construction</li>

                                </ul>",bedbathandbeyond ,0
21419,Dining & Entertaining,Serving Trays & Caddies,,"
            
                Hershey's Inches X
            
                
            
        ",0,0,$12.99 ,https://mobileimages.lowes.com/product/converted/076903/076903062544.jpg,"<ul class=""pd-short-desc-listing list disc"">
                <li class=""v-spacing-small"">
                    <p class=""ellipsis-two-line"">Hershey's s'mores caddy with removable tray and carrying handle</p>
                </li>
                <li class=""v-spacing-small"">
                    <p class=""ellipsis-two-line"">Holds Hershey's chocolate bars, graham crackers, and marshmallows for s'mores (food items are not included)</p>
                </li>
                <li class=""v-spacing-small"">
                    <p class=""ellipsis-two-line"">Perfect for camping, picnics, tailgates, or storing ingredients for your next event</p>
                </li>
    </ul><ul class=""list disc"">

                                        <li>Hershey's s'mores caddy with removable tray and carrying handle</li>


                                        <li>Holds Hershey's chocolate bars, graham crackers, and marshmallows for s'mores (food items are not included)</li>


                                        <li>Perfect for camping, picnics, tailgates, or storing ingredients for your next event</li>

                                </ul>",bedbathandbeyond ,0
21420,Dining & Entertaining,Beverage Dispensers,,"
            
                Igloo 0.5-Gallon Red Poly Beverage Dispenser
            
                
            
        ",0,0,$5.92 ,https://mobileimages.lowes.com/product/converted/034223/034223017545.jpg,"<ul class=""pd-short-desc-listing list disc"">
                <li class=""v-spacing-small"">
                    <p class=""ellipsis-two-line"">Flip-spout designed for sipping and pouring</p>
                </li>
                <li class=""v-spacing-small"">
                    <p class=""ellipsis-two-line"">Side pull-up grips on spout keep fingers away from drinking surface and helps keep spout clean</p>
                </li>
                <li class=""v-spacing-small"">
                    <p class=""ellipsis-two-line"">Easy-grip lid designed for effortless opening and closing</p>
                </li>
    </ul><ul class=""list disc"">

                                        <li>Flip-spout designed for sipping and pouring</li>


                                        <li>Side pull-up grips on spout keep fingers away from drinking surface and helps keep spout clean</li>


                                        <li>Easy-grip lid designed for effortless opening and closing</li>


                                        <li>Wide mouth opening for easy filling and cleaning</li>


                                        <li>Swing-up handle for carrying and pouring</li>

                                </ul>",bedbathandbeyond ,0
21421,Dining & Entertaining,Beverage Dispensers,,"
            
                Igloo 10-Gallon Yellow Poly Beverage Dispenser
            
                
            
        ",0,0,$71.40 ,https://mobileimages.lowes.com/product/converted/034223/034223041014.jpg,"<ul class=""pd-short-desc-listing list disc"">
                <li class=""v-spacing-small"">
                    <p class=""ellipsis-two-line"">Cooler maintains ice for up to 3 days at 90 degree Fahrenheit</p>
                </li>
                <li class=""v-spacing-small"">
                    <p class=""ellipsis-two-line"">High-visibility safety yellow color</p>
                </li>
                <li class=""v-spacing-small"">
                    <p class=""ellipsis-two-line"">""Drinking Water"" imprint meets OSHA labeling requirements for water used on jobsites</p>
                </li>
    </ul><ul class=""list disc"">

                                        <li>Cooler maintains ice for up to 3 days at 90 degree Fahrenheit</li>


                                        <li>High-visibility safety yellow color</li>


                                        <li>""Drinking Water"" imprint meets OSHA labeling requirements for water used on jobsites</li>


                                        <li>UV inhibitors protect against sun damage</li>


                                        <li>Pressure-fit lid won't trap dirt/mold</li>


                                        <li>Keeper cord affixes lid to cooler for cleanliness and loss prevention</li>


                                        <li>Recessed and angled drip-resistant spigot for easy dispensing</li>


                                        <li>Reinforced handles for strength and product longevity</li>


                                        <li>Front push-button spigot easy to access when wearing gloves on a worksite</li>

                                </ul>",bedbathandbeyond ,0
21422,Dining & Entertaining,Serveware Accessories,,"
            
                Charcoal Companion White Nylon Mesh Square Food Cover
            
                
            
        ",0,0,$3.99 ,https://mobileimages.lowes.com/product/converted/050016/050016720157.jpg,"<ul class=""pd-short-desc-listing list disc"">
                <li class=""v-spacing-small"">
                    <p class=""ellipsis-two-line"">Breathable fine nylon mesh protects food from insects</p>
                </li>
                <li class=""v-spacing-small"">
                    <p class=""ellipsis-two-line"">Collapses for compact and easy storage</p>
                </li>
                <li class=""v-spacing-small"">
                    <p class=""ellipsis-two-line"">Easy to open, just tug the cord</p>
                </li>
    </ul><ul class=""list disc"">

                                        <li>Breathable fine nylon mesh protects food from insects</li>


                                        <li>Collapses for compact and easy storage</li>


                                        <li>Easy to open, just tug the cord</li>


                                        <li>Large enough to cover most serving platters with room to spare</li>


                                        <li>This lightweight tent protects your food from insects</li>

                                </ul>",bedbathandbeyond ,0
21423,Dining & Entertaining,Serving Trays & Caddies,,"
            
                11.61-in x 6.5-in Brown Not Divided Poly Rectangle Serving Caddy
            
            
        ",0,0,$12.99 ,https://mobileimages.lowes.com/product/converted/076903/076903012112.jpg,"<ul class=""pd-short-desc-listing list disc"">
                <li class=""v-spacing-small"">
                    <p class=""ellipsis-two-line"">Hershey's s'mores caddy with removable tray and carrying handle</p>
                </li>
                <li class=""v-spacing-small"">
                    <p class=""ellipsis-two-line"">Holds Hershey's chocolate bars, graham crackers, and marshmallows for s'mores (food items are not included)</p>
                </li>
                <li class=""v-spacing-small"">
                    <p class=""ellipsis-two-line"">Perfect for camping, picnics, tailgates, or storing ingredients for your next event</p>
                </li>
    </ul><ul class=""list disc"">

                                        <li>Hershey's s'mores caddy with removable tray and carrying handle</li>


                                        <li>Holds Hershey's chocolate bars, graham crackers, and marshmallows for s'mores (food items are not included)</li>


                                        <li>Perfect for camping, picnics, tailgates, or storing ingredients for your next event</li>

                                </ul>",bedbathandbeyond ,0
21424,Dining & Entertaining,Beverage Dispensers,,"
            
                Igloo 5-Gallon Yellow Poly Beverage Dispenser
            
                
            
        ",0,0,$42.50 ,https://mobileimages.lowes.com/product/converted/034223/034223004514.jpg,"<ul class=""pd-short-desc-listing list disc"">
                <li class=""v-spacing-small"">
                    <p class=""ellipsis-two-line"">Cooler maintains ice for up to 3 days at 90 degree Fahrenheit</p>
                </li>
                <li class=""v-spacing-small"">
                    <p class=""ellipsis-two-line"">High-visibility safety yellow color</p>
                </li>
                <li class=""v-spacing-small"">
                    <p class=""ellipsis-two-line"">""Drinking Water"" imprint meets OSHA labeling requirements for water used on jobsites</p>
                </li>
    </ul><ul class=""list disc"">

                                        <li>Cooler maintains ice for up to 3 days at 90 degree Fahrenheit</li>


                                        <li>High-visibility safety yellow color</li>


                                        <li>""Drinking Water"" imprint meets OSHA labeling requirements for water used on jobsites</li>


                                        <li>UV inhibitors protect against sun damage</li>


                                        <li>Pressure-fit lid won't trap dirt/mold</li>


                                        <li>Keeper cord affixes lid to cooler for cleanliness and loss prevention</li>


                                        <li>Recessed and angled drip-resistant spigot for easy dispensing</li>


                                        <li>Reinforced handles for strength and product longevity</li>


                                        <li>Front push-button spigot easy to access when wearing gloves on a worksite</li>

                                </ul>",bedbathandbeyond ,0
21425,Dining & Entertaining,Serving Trays & Caddies,,"
            
                OXO 16-in x 16-in White/Black Poly Round Serving Caddy
            
                
            
        ",0,0,$16.99 ,https://mobileimages.lowes.com/product/converted/719812/719812044088.jpg,"<ul class=""pd-short-desc-listing list disc"">
                <li class=""v-spacing-small"">
                    <p class=""ellipsis-two-line"">Soft, non-slip lip for easy turning</p>
                </li>
                <li class=""v-spacing-small"">
                    <p class=""ellipsis-two-line"">Larger base prevents interference with surrounding items and walls</p>
                </li>
                <li class=""v-spacing-small"">
                    <p class=""ellipsis-two-line"">Deep ledge on platform helps keep items upright</p>
                </li>
    </ul><ul class=""list disc"">

                                        <li>Soft, non-slip lip for easy turning</li>


                                        <li>Larger base prevents interference with surrounding items and walls</li>


                                        <li>Deep ledge on platform helps keep items upright</li>


                                        <li>Non-slip rubber feet protect all surfaces</li>


                                        <li>Durable steel ball bearings</li>

                                </ul>",bedbathandbeyond ,0
21426,Dining & Entertaining,Serving Trays & Caddies,,"
            
                Winsome Wood 24.41-in x 14.96-in Dark Espresso Rectangle Serving Tray
            
                
            
        ",0,0,$32.00 ,https://mobileimages.lowes.com/product/converted/441245/4412455.jpg,"<ul class=""pd-short-desc-listing list disc"">
                <li class=""v-spacing-small"">
                    <p class=""ellipsis-two-line"">Serve your breakfast on this great bed tray finished in espresso</p>
                </li>
                <li class=""v-spacing-small"">
                    <p class=""ellipsis-two-line"">Folding leg is great for storage</p>
                </li>
                <li class=""v-spacing-small"">
                    <p class=""ellipsis-two-line"">Folding size 22-in W x 14.9-in D x 2.9-in H</p>
                </li>
    </ul><ul class=""list disc"">

                                        <li>Serve your breakfast on this great bed tray finished in espresso</li>


                                        <li>Folding leg is great for storage</li>


                                        <li>Folding size 22-in W x 14.9-in D x 2.9-in H</li>


                                        <li>Height of composite tray table unfolded is 10.16-in</li>

                                </ul>",bedbathandbeyond ,0
21427,Dining & Entertaining,Serving Trays & Caddies,,"
            
                Cheung's Wood Rectangle Serving Tray
            
                
            
        ",0,0,$86.00 ,https://mobileimages.lowes.com/product/converted/474156/4741561.jpg,"<ul class=""pd-short-desc-listing list disc"">
                <li class=""v-spacing-small"">
                    <p class=""ellipsis-two-line"">Transitional style</p>
                </li>
                <li class=""v-spacing-small"">
                    <p class=""ellipsis-two-line"">Nested tray set</p>
                </li>
                <li class=""v-spacing-small"">
                    <p class=""ellipsis-two-line"">Features side handles</p>
                </li>
    </ul><ul class=""list disc"">

                                        <li>Transitional style</li>


                                        <li>Nested tray set</li>


                                        <li>Features side handles</li>


                                        <li>1-year limited warranty</li>

                                </ul>",bedbathandbeyond ,0
21428,Dining & Entertaining,Party Supplies,,"
            
                Seventh Generation 500-Count Napkins
            
                
            
        ",0,0,$10.98 ,https://mobileimages.lowes.com/product/converted/732913/732913137053.jpg,"<ul class=""pd-short-desc-listing list disc"">
                <li class=""v-spacing-small"">
                    <p class=""ellipsis-two-line"">Big and strong, soft and absorbent</p>
                </li>
                <li class=""v-spacing-small"">
                    <p class=""ellipsis-two-line"">Made of recycled paper</p>
                </li>
                <li class=""v-spacing-small"">
                    <p class=""ellipsis-two-line"">Dye- and fragrance-free</p>
                </li>
    </ul><ul class=""list disc"">

                                        <li>Big and strong, soft and absorbent</li>


                                        <li>Made of recycled paper</li>


                                        <li>Dye- and fragrance-free</li>


                                        <li>This is a one-ply napkin</li>

                                </ul>",bedbathandbeyond ,0
21429,Dining & Entertaining,Serving Trays & Caddies,,"
            
                Cheung's 16.25-in x 10.25-in Brown Wood Rectangle Serving Tray
            
                
            
        ",0,0,$24.00 ,https://mobileimages.lowes.com/product/converted/474152/4741529.jpg,"<ul class=""pd-short-desc-listing list disc"">
                <li class=""v-spacing-small"">
                    <p class=""ellipsis-two-line"">Traditional style</p>
                </li>
                <li class=""v-spacing-small"">
                    <p class=""ellipsis-two-line"">This tray helps carry multiple items all at one time</p>
                </li>
                <li class=""v-spacing-small"">
                    <p class=""ellipsis-two-line"">It also provides an admirable look while serving guests</p>
                </li>
    </ul><ul class=""list disc"">

                                        <li>Traditional style</li>


                                        <li>This tray helps carry multiple items all at one time</li>


                                        <li>It also provides an admirable look while serving guests</li>


                                        <li>Scroll designs and strong handles enable secure carrying of hot or cold beverages</li>


                                        <li>1-year limited warranty</li>

                                </ul>",bedbathandbeyond ,0
21430,Dining & Entertaining,Beverage Dispensers,,"
            
                Igloo 3-Gallon Yellow Poly Beverage Dispenser
            
                
            
        ",0,0,$35.83 ,https://mobileimages.lowes.com/product/converted/034223/034223004316.jpg,"<ul class=""pd-short-desc-listing list disc"">
                <li class=""v-spacing-small"">
                    <p class=""ellipsis-two-line"">Cooler maintains ice for up to 3 days at 90 degree Fahrenheit</p>
                </li>
                <li class=""v-spacing-small"">
                    <p class=""ellipsis-two-line"">High-visibility safety yellow color</p>
                </li>
                <li class=""v-spacing-small"">
                    <p class=""ellipsis-two-line"">""Drinking Water"" imprint meets OSHA labeling requirements for water used on jobsites</p>
                </li>
    </ul><ul class=""list disc"">

                                        <li>Cooler maintains ice for up to 3 days at 90 degree Fahrenheit</li>


                                        <li>High-visibility safety yellow color</li>


                                        <li>""Drinking Water"" imprint meets OSHA labeling requirements for water used on jobsites</li>


                                        <li>UV inhibitors protect against sun damage</li>


                                        <li>Reinforced swing-up carry handle for easy transport</li>


                                        <li>Pressure-fit lid won't trap dirt/mold</li>


                                        <li>Recessed and angled drip-resistant spigot for easy dispensing</li>


                                        <li>Front push-button spigot easy to access when wearing gloves on a worksite</li>

                                </ul>",bedbathandbeyond ,0
21431,Dining & Entertaining,Beverage Dispensers,,"
            
                Igloo 2-Gallon Yellow Poly Beverage Dispenser
            
                
            
        ",0,0,$30.42 ,https://mobileimages.lowes.com/product/converted/034223/034223004217.jpg,"<ul class=""pd-short-desc-listing list disc"">
                <li class=""v-spacing-small"">
                    <p class=""ellipsis-two-line"">Cooler maintains ice for up to 3 days at 90Â° F</p>
                </li>
                <li class=""v-spacing-small"">
                    <p class=""ellipsis-two-line"">High-visibility yellow color</p>
                </li>
                <li class=""v-spacing-small"">
                    <p class=""ellipsis-two-line"">""Drinking Water"" imprint meets OSHA labeling requirements for water used on jobsites</p>
                </li>
    </ul><ul class=""list disc"">

                                        <li>Cooler maintains ice for up to 3 days at 90Â° F</li>


                                        <li>High-visibility yellow color</li>


                                        <li>""Drinking Water"" imprint meets OSHA labeling requirements for water used on jobsites</li>


                                        <li>UV inhibitors protect against sun damage</li>


                                        <li>Reinforced swing-up carry handle for easy transport</li>


                                        <li>Pressure-fit lid won't trap dirt/mold</li>


                                        <li>Recessed and angled drip-resistant spigot for easy dispensing</li>


                                        <li>Front push-button spigot is easy to access when wearing gloves on a worksite</li>

                                </ul>",bedbathandbeyond ,0
21432,Dining & Entertaining,Serving Trays & Caddies,,"
            
                Imax Worldwide Vermont 20.75-in x 20.75-in Brown Wood Round Serving Tray
            
                
            
        ",0,0,$52.20 ,https://mobileimages.lowes.com/product/converted/100009/1000090771.jpg,"<ul class=""pd-short-desc-listing list disc"">
                <li class=""v-spacing-small"">
                    <p class=""ellipsis-two-line"">Inspired by the personality and character of the oak barrels used for aging the finest port wines</p>
                </li>
                <li class=""v-spacing-small"">
                    <p class=""ellipsis-two-line"">Constructed of wood and wrought iron</p>
                </li>
    </ul><ul class=""list disc"">

                                        <li>Inspired by the personality and character of the oak barrels used for aging the finest port wines</li>


                                        <li>Constructed of wood and wrought iron</li>

                                </ul>",bedbathandbeyond ,0
21433,Dining & Entertaining,Serving Trays & Caddies,,"
            
                Winsome Wood 22-in x 14-in Natural/White Wood Rectangle Serving Tray
            
                
            
        ",0,0,$25.80 ,https://mobileimages.lowes.com/product/converted/441250/4412505.jpg,"<ul class=""pd-short-desc-listing list disc"">
                <li class=""v-spacing-small"">
                    <p class=""ellipsis-two-line"">Notch handles</p>
                </li>
                <li class=""v-spacing-small"">
                    <p class=""ellipsis-two-line"">White melamine top for easy cleaning</p>
                </li>
                <li class=""v-spacing-small"">
                    <p class=""ellipsis-two-line"">Height of tray table unfolded is 8.8-in</p>
                </li>
    </ul><ul class=""list disc"">

                                        <li>Notch handles</li>


                                        <li>White melamine top for easy cleaning</li>


                                        <li>Height of tray table unfolded is 8.8-in</li>

                                </ul>",bedbathandbeyond ,0
21434,Dining & Entertaining,Serving Trays & Caddies,,"
            
                Zodax Manik 24-in x 7.5-in Honey Wood Rectangle Serving Tray
            
                
            
        ",0,0,$68.00 ,https://mobileimages.lowes.com/product/converted/100034/1000342025.jpg,"<ul class=""pd-short-desc-listing list disc"">
                <li class=""v-spacing-small"">
                    <p class=""ellipsis-two-line"">Beautiful, bright burl wood veneer tray in a honey finish</p>
                </li>
                <li class=""v-spacing-small"">
                    <p class=""ellipsis-two-line"">Perfect rectangle shape with cut out handles for serving, displaying items on a coffee table, bar cart or side board</p>
                </li>
    </ul><ul class=""list disc"">

                                        <li>Beautiful, bright burl wood veneer tray in a honey finish</li>


                                        <li>Perfect rectangle shape with cut out handles for serving, displaying items on a coffee table, bar cart or side board</li>

                                </ul>",bedbathandbeyond ,0
21435,Dining & Entertaining,Serving Trays & Caddies,,"
            
                Vinotemp Cheese Tray Serving Set
            
                
            
        ",0,0,$82.10 ,https://mobileimages.lowes.com/product/converted/657433/657433010290.jpg,"<ul class=""pd-short-desc-listing list disc"">
                <li class=""v-spacing-small"">
                    <p class=""ellipsis-two-line"">3 cheese knives, 1 cheese fork</p>
                </li>
                <li class=""v-spacing-small"">
                    <p class=""ellipsis-two-line"">Bamboo tray with glass cutting surface and magnetic strip</p>
                </li>
                <li class=""v-spacing-small"">
                    <p class=""ellipsis-two-line"">Ceramic dish</p>
                </li>
    </ul><ul class=""list disc"">

                                        <li>3 cheese knives, 1 cheese fork</li>


                                        <li>Bamboo tray with glass cutting surface and magnetic strip</li>


                                        <li>Ceramic dish</li>

                                </ul>",bedbathandbeyond ,0
21436,Dining & Entertaining,Serveware Accessories,,"
            
                Zodax Artu 4-Pack Gold Drinking Glasses
            
                
            
        ",0,0,$62.00 ,https://mobileimages.lowes.com/product/converted/100034/1000341989.jpg,"<ul class=""pd-short-desc-listing list disc"">
                <li class=""v-spacing-small"">
                    <p class=""ellipsis-two-line"">Clean, handsome and classic with a golden touch</p>
                </li>
                <li class=""v-spacing-small"">
                    <p class=""ellipsis-two-line"">Features a heavy style base that combine with modern styling to create a sense of occasion anywhere</p>
                </li>
                <li class=""v-spacing-small"">
                    <p class=""ellipsis-two-line"">Capacity: 320ml/10.82-fl oz</p>
                </li>
    </ul><ul class=""list disc"">

                                        <li>Clean, handsome and classic with a golden touch</li>


                                        <li>Features a heavy style base that combine with modern styling to create a sense of occasion anywhere</li>


                                        <li>Capacity: 320ml/10.82-fl oz</li>


                                        <li>Hand wash only</li>

                                </ul>",bedbathandbeyond ,0
21437,Dining & Entertaining,Serveware Accessories,,"
            
                Wine Enthusiast INFINITY 4-Pack Clear Glass Round Wine Glasses
            
                
            
        ",0,0,$69.95 ,https://mobileimages.lowes.com/product/converted/031333/031333014976.jpg,"<ul class=""pd-short-desc-listing list disc"">
                <li class=""v-spacing-small"">
                    <p class=""ellipsis-two-line"">Fusion 10-year limited warranty</p>
                </li>
                <li class=""v-spacing-small"">
                    <p class=""ellipsis-two-line"">Dishwasher safe</p>
                </li>
                <li class=""v-spacing-small"">
                    <p class=""ellipsis-two-line"">Lead free crystal</p>
                </li>
    </ul><ul class=""list disc"">

                                        <li>Fusion 10-year limited warranty</li>


                                        <li>Dishwasher safe</li>


                                        <li>Lead free crystal</li>


                                        <li>Sleeker shape, a wider bowl, and a taller stem</li>

                                </ul>",bedbathandbeyond ,0
21438,Dining & Entertaining,Serving Trays & Caddies,,"
            
                Winsome Wood 21.5-in x 14-in Natural/White Wood Rectangle Serving Tray
            
                
            
        ",0,0,$27.35 ,https://mobileimages.lowes.com/product/converted/441250/4412503.jpg,"<ul class=""pd-short-desc-listing list disc"">
                <li class=""v-spacing-small"">
                    <p class=""ellipsis-two-line"">Bed tray with cut off handles</p>
                </li>
                <li class=""v-spacing-small"">
                    <p class=""ellipsis-two-line"">Foldable legs</p>
                </li>
                <li class=""v-spacing-small"">
                    <p class=""ellipsis-two-line"">White melamine top for easy cleaning</p>
                </li>
    </ul><ul class=""list disc"">

                                        <li>Bed tray with cut off handles</li>


                                        <li>Foldable legs</li>


                                        <li>White melamine top for easy cleaning</li>


                                        <li>Height of tray table unfolded is .1-in</li>

                                </ul>",bedbathandbeyond ,0
21439,Dining & Entertaining,Serving Trays & Caddies,,"
            
                Winsome Wood 21.3-in x 13.8-in Natural/White Wood Rectangle Serving Tray
            
                
            
        ",0,0,$27.35 ,https://mobileimages.lowes.com/product/converted/441250/4412501.jpg,"<ul class=""pd-short-desc-listing list disc"">
                <li class=""v-spacing-small"">
                    <p class=""ellipsis-two-line"">Bed tray with built-in upright handle</p>
                </li>
                <li class=""v-spacing-small"">
                    <p class=""ellipsis-two-line"">Foldable legs</p>
                </li>
                <li class=""v-spacing-small"">
                    <p class=""ellipsis-two-line"">White melamine top for easy cleaning</p>
                </li>
    </ul><ul class=""list disc"">

                                        <li>Bed tray with built-in upright handle</li>


                                        <li>Foldable legs</li>


                                        <li>White melamine top for easy cleaning</li>


                                        <li>Height of tray table unfolded is 9-in</li>

                                </ul>",bedbathandbeyond ,0
21440,Dining & Entertaining,Serving Trays & Caddies,,"
            
                Winsome Wood 24-in x 14.3-in Antique Walnut Rectangle Serving Tray
            
                
            
        ",0,0,$38.20 ,https://mobileimages.lowes.com/product/converted/441249/4412497.jpg,"<ul class=""pd-short-desc-listing list disc"">
                <li class=""v-spacing-small"">
                    <p class=""ellipsis-two-line"">Finished in warm antinque walnut and made from solid wood</p>
                </li>
                <li class=""v-spacing-small"">
                    <p class=""ellipsis-two-line"">Large handles and folding legs for easy storage</p>
                </li>
                <li class=""v-spacing-small"">
                    <p class=""ellipsis-two-line"">Serve your favorite breakfast on this great tray</p>
                </li>
    </ul><ul class=""list disc"">

                                        <li>Finished in warm antinque walnut and made from solid wood</li>


                                        <li>Large handles and folding legs for easy storage</li>


                                        <li>Serve your favorite breakfast on this great tray</li>


                                        <li>Height of composite tray table unfolded is 10.98-in</li>

                                </ul>",bedbathandbeyond ,0
21441,Dining & Entertaining,Serving Trays & Caddies,,"
            
                Woodland Imports 10-in x 10-in White  Metal Round Serving Platter
            
                
            
        ",0,0,$29.33 ,https://mobileimages.lowes.com/product/converted/473254/4732543.jpg,"<ul class=""pd-short-desc-listing list disc"">
                <li class=""v-spacing-small"">
                    <p class=""ellipsis-two-line"">Traditional style</p>
                </li>
                <li class=""v-spacing-small"">
                    <p class=""ellipsis-two-line"">This iron alloy tray is the perfect backdrop to let the cake stand</p>
                </li>
                <li class=""v-spacing-small"">
                    <p class=""ellipsis-two-line"">The sturdy base will keep it balanced</p>
                </li>
    </ul><ul class=""list disc"">

                                        <li>Traditional style</li>


                                        <li>This iron alloy tray is the perfect backdrop to let the cake stand</li>


                                        <li>The sturdy base will keep it balanced</li>

                                </ul>",bedbathandbeyond ,0
21442,Dining & Entertaining,Serving Trays & Caddies,,"
            
                Imax Worldwide Tabari 19.5-in x 14-in Roasted Honey Wood Rectangle Serving Tray
            
                
            
        ",0,0,$107.55 ,https://mobileimages.lowes.com/product/converted/100004/1000041973.jpg,"<ul class=""pd-short-desc-listing list disc"">
                <li class=""v-spacing-small"">
                    <p class=""ellipsis-two-line"">Set includes: 1 small (1.5-in H x 10-in W x 14.75-in L) and 1 large (1.75-in H x 14-in W x 19.5-in L)</p>
                </li>
                <li class=""v-spacing-small"">
                    <p class=""ellipsis-two-line"">Both trays are food safe</p>
                </li>
                <li class=""v-spacing-small"">
                    <p class=""ellipsis-two-line"">Jute rope handle accents decorate this set of 2 mango wood trays</p>
                </li>
    </ul><ul class=""list disc"">

                                        <li>Set includes: 1 small (1.5-in H x 10-in W x 14.75-in L) and 1 large (1.75-in H x 14-in W x 19.5-in L)</li>


                                        <li>Both trays are food safe</li>


                                        <li>Jute rope handle accents decorate this set of 2 mango wood trays</li>


                                        <li>Care instructions: hand wash only</li>

                                </ul>",bedbathandbeyond ,0
21443,Dining & Entertaining,Serving Trays & Caddies,,"
            
                Imax Worldwide Marnie 16.75-in x 8-in Brown Wood Rectangle Serving Tray
            
                
            
        ",0,0,$89.55 ,https://mobileimages.lowes.com/product/converted/100013/1000139799.jpg,"<ul class=""pd-short-desc-listing list disc"">
                <li class=""v-spacing-small"">
                    <p class=""ellipsis-two-line"">Substantial metal handles give a pair of clean-lined, modern, wood trays added oomph</p>
                </li>
                <li class=""v-spacing-small"">
                    <p class=""ellipsis-two-line"">Trays are crafted from mango wood</p>
                </li>
                <li class=""v-spacing-small"">
                    <p class=""ellipsis-two-line"">Small tray measures 14.25-in L x 6.75-in W x 2.75-in H</p>
                </li>
    </ul><ul class=""list disc"">

                                        <li>Substantial metal handles give a pair of clean-lined, modern, wood trays added oomph</li>


                                        <li>Trays are crafted from mango wood</li>


                                        <li>Small tray measures 14.25-in L x 6.75-in W x 2.75-in H</li>


                                        <li>Large tray measures 16.75-in L x 8-in W x 3.75-in H</li>

                                </ul>",bedbathandbeyond ,0
21444,Dining & Entertaining,Serving Trays & Caddies,,"
            
                Cheung's 16.25-in x 10.25-in Brown Wood Rectangle Serving Tray
            
                
            
        ",0,0,$24.00 ,https://mobileimages.lowes.com/product/converted/474153/4741531.jpg,"<ul class=""pd-short-desc-listing list disc"">
                <li class=""v-spacing-small"">
                    <p class=""ellipsis-two-line"">Transitional style</p>
                </li>
                <li class=""v-spacing-small"">
                    <p class=""ellipsis-two-line"">This portable, decorative rectangular tray with marble design is made of wood that shines with its brown tones</p>
                </li>
                <li class=""v-spacing-small"">
                    <p class=""ellipsis-two-line"">It gives a country feel to your kitchen and dining room</p>
                </li>
    </ul><ul class=""list disc"">

                                        <li>Transitional style</li>


                                        <li>This portable, decorative rectangular tray with marble design is made of wood that shines with its brown tones</li>


                                        <li>It gives a country feel to your kitchen and dining room</li>


                                        <li>1-year limited warranty</li>

                                </ul>",bedbathandbeyond ,0
21445,Dining & Entertaining,Serving Trays & Caddies,,"
            
                Holly & Martin Zhori 18-in x 33-in Dark Tobacco Wood Rectangle Serving Caddy
            
                
            
        ",0,0,$182.00 ,https://mobileimages.lowes.com/product/converted/100032/1000321997.jpg,"<ul class=""pd-short-desc-listing list disc"">
                <li class=""v-spacing-small"">
                    <p class=""ellipsis-two-line"">3 tiers of open shelving provide display storage for your fine vintage collection, world-class coffee and tea, or oh so delish appetizers</p>
                </li>
                <li class=""v-spacing-small"">
                    <p class=""ellipsis-two-line"">Roll with ease or lock in place with functional casters</p>
                </li>
                <li class=""v-spacing-small"">
                    <p class=""ellipsis-two-line"">Rich dark tobacco and aged brass highlight the mid-century modern profile</p>
                </li>
    </ul><ul class=""list disc"">

                                        <li>3 tiers of open shelving provide display storage for your fine vintage collection, world-class coffee and tea, or oh so delish appetizers</li>


                                        <li>Roll with ease or lock in place with functional casters</li>


                                        <li>Rich dark tobacco and aged brass highlight the mid-century modern profile</li>


                                        <li>Bottom shelf has guardrail to protect bottles</li>


                                        <li>Top shelf: 31-in L x 14.5-in W x 1-in H</li>


                                        <li>Middle shelf: 15-in L x 14.5-in W x 14-in H</li>


                                        <li>Bottom shelf: 31-in L x 14.5-in W x 9-in H (bottom has support bar at center)</li>


                                        <li>Supports up to: 25-lb (each shelf)</li>

                                </ul>",bedbathandbeyond ,0
21446,Dining & Entertaining,Serving Trays & Caddies,,"
            
                Snow River Products 0.75-in x 2.75-in Maple Not Divided Wood Square Serving Platter
            
                
            
        ",0,0,$64.17 ,https://mobileimages.lowes.com/product/converted/756940/756940033324.jpg,"<ul class=""pd-short-desc-listing list disc"">
                <li class=""v-spacing-small"">
                    <p class=""ellipsis-two-line"">Attractive wooden salad servers</p>
                </li>
                <li class=""v-spacing-small"">
                    <p class=""ellipsis-two-line"">Made with traditional butcher block construction that will not crack or warp</p>
                </li>
                <li class=""v-spacing-small"">
                    <p class=""ellipsis-two-line"">Easy to clean with warm water and mild soap</p>
                </li>
    </ul><ul class=""list disc"">

                                        <li>Attractive wooden salad servers</li>


                                        <li>Made with traditional butcher block construction that will not crack or warp</li>


                                        <li>Easy to clean with warm water and mild soap</li>

                                </ul>",bedbathandbeyond ,0
21447,Dining & Entertaining,Serveware Accessories,,"
            
                Zodax Marine Marble 4-Pack White/Black Square Coaster(S)
            
                
            
        ",0,0,$63.00 ,https://mobileimages.lowes.com/product/converted/100034/1000342009.jpg,"<ul class=""pd-short-desc-listing list disc"">
                <li class=""v-spacing-small"">
                    <p class=""ellipsis-two-line"">Liven up any room or party and protect your surfaces with these distinctive marble tile coasters</p>
                </li>
                <li class=""v-spacing-small"">
                    <p class=""ellipsis-two-line"">A set of 4 striking coasters cut from smooth marble and patterned in different designs of smart lines</p>
                </li>
                <li class=""v-spacing-small"">
                    <p class=""ellipsis-two-line"">Each piece is framed by its own line pattern</p>
                </li>
    </ul><ul class=""list disc"">

                                        <li>Liven up any room or party and protect your surfaces with these distinctive marble tile coasters</li>


                                        <li>A set of 4 striking coasters cut from smooth marble and patterned in different designs of smart lines</li>


                                        <li>Each piece is framed by its own line pattern</li>


                                        <li>Cork-backed board and rubber feet protect table surfaces</li>

                                </ul>",bedbathandbeyond ,0
21448,Dining & Entertaining,Beverage Dispensers,,"
            
                Cuisinart Peak 0.5-Gallon Stainless Steel Beverage Dispenser
            
                
            
        ",0,0,$29.95 ,https://mobileimages.lowes.com/product/converted/086279/086279037367.jpg,"<ul class=""pd-short-desc-listing list disc"">
                <li class=""v-spacing-small"">
                    <p class=""ellipsis-two-line"">2-quart capacity</p>
                </li>
                <li class=""v-spacing-small"">
                    <p class=""ellipsis-two-line"">Durable stainless steel construction</p>
                </li>
                <li class=""v-spacing-small"">
                    <p class=""ellipsis-two-line"">Whistle to signal boiling water</p>
                </li>
    </ul><ul class=""list disc"">

                                        <li>2-quart capacity</li>


                                        <li>Durable stainless steel construction</li>


                                        <li>Whistle to signal boiling water</li>


                                        <li>Removable lid for easy filling</li>


                                        <li>Ergonomic handle</li>


                                        <li>Safe for use with electric, gas, glass ceramic, halogen and induction stovetops</li>

                                </ul>",bedbathandbeyond ,0
21449,Dining & Entertaining,Serving Trays & Caddies,,"
            
                Imax Worldwide Lissa 11.75-in x 11.75-in White Marble Round Serving Platter
            
                
            
        ",0,0,$43.20 ,https://mobileimages.lowes.com/product/converted/100034/1000340337.jpg,"<ul class=""pd-short-desc-listing list disc"">
                <li class=""v-spacing-small"">
                    <p class=""ellipsis-two-line"">Reminiscent of old fashioned birthday parties, this cake stand makes any dessert suit the occasion</p>
                </li>
                <li class=""v-spacing-small"">
                    <p class=""ellipsis-two-line"">Features a marble top with turned wood base</p>
                </li>
    </ul><ul class=""list disc"">

                                        <li>Reminiscent of old fashioned birthday parties, this cake stand makes any dessert suit the occasion</li>


                                        <li>Features a marble top with turned wood base</li>

                                </ul>",bedbathandbeyond ,0
21450,Dining & Entertaining,Serveware Accessories,,"
            
                Zodax Keely 4-Pack Clear Martini Glasses
            
                
            
        ",0,0,$70.00 ,https://mobileimages.lowes.com/product/converted/100034/1000341957.jpg,"<ul class=""pd-short-desc-listing list disc"">
                <li class=""v-spacing-small"">
                    <p class=""ellipsis-two-line"">Update your glassware collection with these charming martini glasses</p>
                </li>
                <li class=""v-spacing-small"">
                    <p class=""ellipsis-two-line"">These clear glasses have a classic shape perfect for serving martinis on both formal and casual occasions</p>
                </li>
                <li class=""v-spacing-small"">
                    <p class=""ellipsis-two-line"">A subtle fish cut design adds texture</p>
                </li>
    </ul><ul class=""list disc"">

                                        <li>Update your glassware collection with these charming martini glasses</li>


                                        <li>These clear glasses have a classic shape perfect for serving martinis on both formal and casual occasions</li>


                                        <li>A subtle fish cut design adds texture</li>


                                        <li>Display these glasses among beach style kitchen decor for a simple, pretty look</li>


                                        <li>Volume: 350ml/8-oz</li>

                                </ul>",bedbathandbeyond ,0
21451,Dining & Entertaining,Serveware Accessories,,"
            
                Zodax Vitorrio 4-Pack Gold Glass Round Wine Glasses
            
                
            
        ",0,0,$89.00 ,https://mobileimages.lowes.com/product/converted/100034/1000341955.jpg,"<ul class=""pd-short-desc-listing list disc"">
                <li class=""v-spacing-small"">
                    <p class=""ellipsis-two-line"">This set of 4 wine glasses will give your red wines a perfect presentation and highlights the rich color of any merlot or burgundy</p>
                </li>
                <li class=""v-spacing-small"">
                    <p class=""ellipsis-two-line"">Features an inverted-bell shaped bowl that is superbly cut and sits atop the straight sleek glass stem</p>
                </li>
                <li class=""v-spacing-small"">
                    <p class=""ellipsis-two-line"">Clear glass with honeycomb pattern</p>
                </li>
    </ul><ul class=""list disc"">

                                        <li>This set of 4 wine glasses will give your red wines a perfect presentation and highlights the rich color of any merlot or burgundy</li>


                                        <li>Features an inverted-bell shaped bowl that is superbly cut and sits atop the straight sleek glass stem</li>


                                        <li>Clear glass with honeycomb pattern</li>


                                        <li>Capacity: 400ml/13.5-fl oz</li>


                                        <li>Care instructions: hand wash only</li>

                                </ul>",bedbathandbeyond ,0
21452,Dining & Entertaining,Serving Trays & Caddies,,"
            
                Melrose International 20-in x 14-in Metal Rectangle Serving Tray
            
                
            
        ",0,0,$65.00 ,https://mobileimages.lowes.com/product/converted/100014/1000140243.jpg,"<ul class=""pd-short-desc-listing list disc"">
                <li class=""v-spacing-small"">
                    <p class=""ellipsis-two-line"">Features 2 trays with a basket weave design that can be used in multiple ways</p>
                </li>
                <li class=""v-spacing-small"">
                    <p class=""ellipsis-two-line"">Use these trays as a decorative table piece, storage, or for entertaining</p>
                </li>
                <li class=""v-spacing-small"">
                    <p class=""ellipsis-two-line"">Small tray measures 16-in L x 11-in W x 1-in H</p>
                </li>
    </ul><ul class=""list disc"">

                                        <li>Features 2 trays with a basket weave design that can be used in multiple ways</li>


                                        <li>Use these trays as a decorative table piece, storage, or for entertaining</li>


                                        <li>Small tray measures 16-in L x 11-in W x 1-in H</li>


                                        <li>Large tray measures 20-in L x 14-in W x 1-in H</li>

                                </ul>",bedbathandbeyond ,0
21453,Dining & Entertaining,Serving Trays & Caddies,,"
            
                Zodax Manik 17-in x 7-in Honey Wood Rectangle Serving Tray
            
                
            
        ",0,0,$46.00 ,https://mobileimages.lowes.com/product/converted/100034/1000342021.jpg,"<ul class=""pd-short-desc-listing list disc"">
                <li class=""v-spacing-small"">
                    <p class=""ellipsis-two-line"">Beautiful, bright burl wood veneer tray in a honey finish</p>
                </li>
                <li class=""v-spacing-small"">
                    <p class=""ellipsis-two-line"">Perfect rectangle shape with cut out handles for serving, displaying items on a coffee table, bar cart or side board</p>
                </li>
    </ul><ul class=""list disc"">

                                        <li>Beautiful, bright burl wood veneer tray in a honey finish</li>


                                        <li>Perfect rectangle shape with cut out handles for serving, displaying items on a coffee table, bar cart or side board</li>

                                </ul>",bedbathandbeyond ,0
